country,year,TOE_HAB,type
Albania,2000,0.5,Dataset
Albania,2001,0.51,Dataset
Albania,2002,0.59,Dataset
Albania,2003,0.58,Dataset
Albania,2004,0.65,Dataset
Albania,2005,0.63,Dataset
Albania,2006,0.58,Dataset
Albania,2007,0.57,Dataset
Albania,2008,0.6,Dataset
Albania,2009,0.64,Dataset
Albania,2010,0.66,Dataset
Albania,2011,0.68,Dataset
Albania,2012,0.62,Dataset
Albania,2013,0.68,Dataset
Albania,2014,0.72,Dataset
Albania,2015,0.68,Dataset
Albania,2016,0.66,Dataset
Albania,2017,0.73,Dataset
Albania,2018,0.75,Dataset
Albania,2019,0.73,Dataset
Albania,2020,0.66,Dataset
Albania,2021,0.72,Dataset
Albania,2023,0.7004576346244593,Predicted
Albania,2024,0.7183149745475359,Predicted
Albania,2025,0.7361721191483273,Predicted
Albania,2026,0.7586427761251981,Predicted
Albania,2027,0.7946565920511128,Predicted
Albania,2028,0.8306706032993127,Predicted
Albania,2029,0.8667190889308478,Predicted
Albania,2030,0.9124784126149463,Predicted
Albania,2031,0.960016341027943,Predicted
Albania,2032,1.0075536834740844,Predicted
Albania,2033,1.0550914165647958,Predicted
Albania,2034,1.1026291496555074,Predicted
Albania,2035,1.1501670780685043,Predicted
Albania,2036,1.1977047134980732,Predicted
Albania,2037,1.2452425442499275,Predicted
Albania,2038,1.2816885107318148,Predicted
Albania,2039,1.317868643583565,Predicted
Albania,2040,1.3540493624021706,Predicted
Albania,2041,1.390229885898491,Predicted
Albania,2042,1.4264104093948113,Predicted
Albania,2043,1.462590932891132,Predicted
Albania,2044,1.4970217593567612,Predicted
Albania,2045,1.5284987269035317,Predicted
Albania,2046,1.5599753038057318,Predicted
Albania,2047,1.5991387892414037,Predicted
Albania,2048,1.6406745614917955,Predicted
Albania,2049,1.6838456207443304,Predicted
Albania,2050,1.7277636900765574,Predicted
Austria,2000,2.96,Dataset
Austria,2001,3.13,Dataset
Austria,2002,3.14,Dataset
Austria,2003,3.28,Dataset
Austria,2004,3.31,Dataset
Austria,2005,3.38,Dataset
Austria,2006,3.37,Dataset
Austria,2007,3.33,Dataset
Austria,2008,3.33,Dataset
Austria,2009,3.16,Dataset
Austria,2010,3.35,Dataset
Austria,2011,3.24,Dataset
Austria,2012,3.23,Dataset
Austria,2013,3.29,Dataset
Austria,2014,3.13,Dataset
Austria,2015,3.18,Dataset
Austria,2016,3.21,Dataset
Austria,2017,3.24,Dataset
Austria,2018,3.15,Dataset
Austria,2019,3.19,Dataset
Austria,2020,2.93,Dataset
Austria,2021,3.12,Dataset
Austria,2022,2.91,Dataset
Austria,2023,2.796806553241074,Predicted
Austria,2024,2.704107207074217,Predicted
Austria,2025,2.6114079341532173,Predicted
Austria,2026,2.5373024394162997,Predicted
Austria,2027,2.524225075286852,Predicted
Austria,2028,2.5114651464937587,Predicted
Austria,2029,2.5027217641350044,Predicted
Austria,2030,2.4943475653105365,Predicted
Austria,2031,2.485973378693711,Predicted
Austria,2032,2.477957669508415,Predicted
Austria,2033,2.4704278550266245,Predicted
Austria,2034,2.462898052752477,Predicted
Austria,2035,2.4553682535302404,Predicted
Austria,2036,2.446554985468229,Predicted
Austria,2037,2.4370384869856037,Predicted
Austria,2038,2.429161032407201,Predicted
Austria,2039,2.429161032407201,Predicted
Austria,2040,2.429161032407201,Predicted
Austria,2041,2.429161032407201,Predicted
Austria,2042,2.429161032407201,Predicted
Austria,2043,2.429161032407201,Predicted
Austria,2044,2.429161032407201,Predicted
Austria,2045,2.429161032407201,Predicted
Austria,2046,2.429161032407201,Predicted
Austria,2047,2.429161032407201,Predicted
Austria,2048,2.429161032407201,Predicted
Austria,2049,2.429161032407201,Predicted
Austria,2050,2.429161032407201,Predicted
Belgium,2000,3.68,Dataset
Belgium,2001,3.75,Dataset
Belgium,2002,3.52,Dataset
Belgium,2003,3.63,Dataset
Belgium,2004,3.59,Dataset
Belgium,2005,3.52,Dataset
Belgium,2006,3.46,Dataset
Belgium,2007,3.32,Dataset
Belgium,2008,3.45,Dataset
Belgium,2009,3.22,Dataset
Belgium,2010,3.5,Dataset
Belgium,2011,3.21,Dataset
Belgium,2012,3.2,Dataset
Belgium,2013,3.29,Dataset
Belgium,2014,3.07,Dataset
Belgium,2015,3.19,Dataset
Belgium,2016,3.21,Dataset
Belgium,2017,3.18,Dataset
Belgium,2018,3.18,Dataset
Belgium,2019,3.12,Dataset
Belgium,2020,2.88,Dataset
Belgium,2021,3.09,Dataset
Belgium,2022,2.86,Dataset
Belgium,2023,2.9320491195900233,Predicted
Belgium,2024,2.8971727141613144,Predicted
Belgium,2025,2.8622964063937486,Predicted
Belgium,2026,2.827543981785561,Predicted
Belgium,2027,2.796784286500563,Predicted
Belgium,2028,2.774325495352517,Predicted
Belgium,2029,2.7525375385929403,Predicted
Belgium,2030,2.730749728325078,Predicted
Belgium,2031,2.7089618203960724,Predicted
Belgium,2032,2.6871739368823526,Predicted
Belgium,2033,2.6653859557074906,Predicted
Belgium,2034,2.6438285769055754,Predicted
Belgium,2035,2.62818934126835,Predicted
Belgium,2036,2.6149850176535314,Predicted
Belgium,2037,2.6094745853438805,Predicted
Belgium,2038,2.606994041152597,Predicted
Belgium,2039,2.6045133504696,Predicted
Belgium,2040,2.602032733032459,Predicted
Belgium,2041,2.5995521278029616,Predicted
Belgium,2042,2.5970714981581784,Predicted
Belgium,2043,2.594590905136324,Predicted
Belgium,2044,2.5921102754915406,Predicted
Belgium,2045,2.5896295726009004,Predicted
Belgium,2046,2.5840407061861046,Predicted
Belgium,2047,2.5510349877361165,Predicted
Belgium,2048,2.5180293181166995,Predicted
Belgium,2049,2.4850237461584253,Predicted
Belgium,2050,2.4534417379489746,Predicted
Bosnia and Herzegovina,2014,0.86,Dataset
Bosnia and Herzegovina,2015,0.95,Dataset
Bosnia and Herzegovina,2016,1.06,Dataset
Bosnia and Herzegovina,2017,1.05,Dataset
Bosnia and Herzegovina,2018,1.26,Dataset
Bosnia and Herzegovina,2023,1.1222367725761306,Predicted
Bosnia and Herzegovina,2024,1.1356677188723352,Predicted
Bosnia and Herzegovina,2025,1.14909866516854,Predicted
Bosnia and Herzegovina,2026,1.1625297091258873,Predicted
Bosnia and Herzegovina,2027,1.1759608507443773,Predicted
Bosnia and Herzegovina,2028,1.1893918947017246,Predicted
Bosnia and Herzegovina,2029,1.1947265369547087,Predicted
Bosnia and Herzegovina,2030,1.196912779292789,Predicted
Bosnia and Herzegovina,2031,1.199099119292012,Predicted
Bosnia and Herzegovina,2032,1.2058419375600402,Predicted
Bosnia and Herzegovina,2033,1.2244190401040251,Predicted
Bosnia and Herzegovina,2034,1.2509033747191711,Predicted
Bosnia and Herzegovina,2035,1.2720595127167442,Predicted
Bosnia and Herzegovina,2036,1.2925030173568184,Predicted
Bosnia and Herzegovina,2037,1.315347814170962,Predicted
Bosnia and Herzegovina,2038,1.3398296070572444,Predicted
Bosnia and Herzegovina,2039,1.3635720074329576,Predicted
Bosnia and Herzegovina,2040,1.3767137790859454,Predicted
Bosnia and Herzegovina,2041,1.389855843722361,Predicted
Bosnia and Herzegovina,2042,1.4029974200530635,Predicted
Bosnia and Herzegovina,2043,1.4161393870283363,Predicted
Bosnia and Herzegovina,2044,1.429281158681324,Predicted
Bosnia and Herzegovina,2045,1.44219196173208,Predicted
Bosnia and Herzegovina,2046,1.4530267818747427,Predicted
Bosnia and Herzegovina,2047,1.463861504356263,Predicted
Bosnia and Herzegovina,2048,1.4746961291766405,Predicted
Bosnia and Herzegovina,2049,1.485530753997018,Predicted
Bosnia and Herzegovina,2050,1.4963654764785383,Predicted
Bulgaria,2000,1.11,Dataset
Bulgaria,2001,1.13,Dataset
Bulgaria,2002,1.16,Dataset
Bulgaria,2003,1.25,Dataset
Bulgaria,2004,1.25,Dataset
Bulgaria,2005,1.32,Dataset
Bulgaria,2006,1.38,Dataset
Bulgaria,2007,1.37,Dataset
Bulgaria,2008,1.33,Dataset
Bulgaria,2009,1.15,Dataset
Bulgaria,2010,1.19,Dataset
Bulgaria,2011,1.26,Dataset
Bulgaria,2012,1.26,Dataset
Bulgaria,2013,1.21,Dataset
Bulgaria,2014,1.24,Dataset
Bulgaria,2015,1.32,Dataset
Bulgaria,2016,1.35,Dataset
Bulgaria,2017,1.4,Dataset
Bulgaria,2018,1.41,Dataset
Bulgaria,2019,1.41,Dataset
Bulgaria,2020,1.37,Dataset
Bulgaria,2021,1.48,Dataset
Bulgaria,2022,1.49,Dataset
Bulgaria,2023,1.454153986782548,Predicted
Bulgaria,2024,1.4697058401124383,Predicted
Bulgaria,2025,1.4852575957811864,Predicted
Bulgaria,2026,1.5008153087796323,Predicted
Bulgaria,2027,1.5166286009882435,Predicted
Bulgaria,2028,1.53244208851914,Predicted
Bulgaria,2029,1.5443534274366022,Predicted
Bulgaria,2030,1.5524326407798692,Predicted
Bulgaria,2031,1.5605117564619935,Predicted
Bulgaria,2032,1.5764922445467233,Predicted
Bulgaria,2033,1.59911339734433,Predicted
Bulgaria,2034,1.6204437628202881,Predicted
Bulgaria,2035,1.6389572879604453,Predicted
Bulgaria,2036,1.6565662267673373,Predicted
Bulgaria,2037,1.6799160293498279,Predicted
Bulgaria,2038,1.7114570626061392,Predicted
Bulgaria,2039,1.7429981446930216,Predicted
Bulgaria,2040,1.7740914504411167,Predicted
Bulgaria,2041,1.80331864707655,Predicted
Bulgaria,2042,1.8325459902036976,Predicted
Bulgaria,2043,1.8617732356697023,Predicted
Bulgaria,2044,1.891000285813422,Predicted
Bulgaria,2045,1.9295813201946712,Predicted
Bulgaria,2046,1.9786004751573716,Predicted
Bulgaria,2047,2.029552441793124,Predicted
Bulgaria,2048,2.0805046037511623,Predicted
Bulgaria,2049,2.1314567168786285,Predicted
Bulgaria,2050,2.182409049743666,Predicted
Croatia,2000,1.34,Dataset
Croatia,2001,1.46,Dataset
Croatia,2002,1.48,Dataset
Croatia,2003,1.58,Dataset
Croatia,2004,1.62,Dataset
Croatia,2005,1.68,Dataset
Croatia,2006,1.68,Dataset
Croatia,2007,1.69,Dataset
Croatia,2008,1.72,Dataset
Croatia,2009,1.67,Dataset
Croatia,2010,1.68,Dataset
Croatia,2011,1.63,Dataset
Croatia,2012,1.56,Dataset
Croatia,2013,1.54,Dataset
Croatia,2014,1.47,Dataset
Croatia,2015,1.57,Dataset
Croatia,2016,1.59,Dataset
Croatia,2017,1.68,Dataset
Croatia,2018,1.67,Dataset
Croatia,2019,1.7,Dataset
Croatia,2020,1.6,Dataset
Croatia,2021,1.76,Dataset
Croatia,2022,1.79,Dataset
Croatia,2023,1.6949640488450826,Predicted
Croatia,2024,1.7022999632320763,Predicted
Croatia,2025,1.7121121247200797,Predicted
Croatia,2026,1.7283921395291415,Predicted
Croatia,2027,1.7405970478412374,Predicted
Croatia,2028,1.7599899627398703,Predicted
Croatia,2029,1.779382779977361,Predicted
Croatia,2030,1.8046672497946128,Predicted
Croatia,2031,1.831120137521844,Predicted
Croatia,2032,1.8568561436318736,Predicted
Croatia,2033,1.8810638016908983,Predicted
Croatia,2034,1.9052711667664952,Predicted
Croatia,2035,1.9294789224866626,Predicted
Croatia,2036,1.9600265954310923,Predicted
Croatia,2037,1.9929484107519504,Predicted
Croatia,2038,2.019422100302554,Predicted
Croatia,2039,2.0458957166073004,Predicted
Croatia,2040,2.072369406157904,Predicted
Croatia,2041,2.0988430957085074,Predicted
Croatia,2042,2.125316834089682,Predicted
Croatia,2043,2.1522254331235366,Predicted
Croatia,2044,2.1803897591288477,Predicted
Croatia,2045,2.208553840981303,Predicted
Croatia,2046,2.236718044910186,Predicted
Croatia,2047,2.264882187800855,Predicted
Croatia,2048,2.293046489390881,Predicted
Croatia,2049,2.3212105956586213,Predicted
Croatia,2050,2.3493747507569336,Predicted
Cyprus,2000,2.38,Dataset
Cyprus,2001,2.44,Dataset
Cyprus,2002,2.42,Dataset
Cyprus,2003,2.53,Dataset
Cyprus,2004,2.51,Dataset
Cyprus,2005,2.48,Dataset
Cyprus,2006,2.49,Dataset
Cyprus,2007,2.52,Dataset
Cyprus,2008,2.52,Dataset
Cyprus,2009,2.4,Dataset
Cyprus,2010,2.33,Dataset
Cyprus,2011,2.26,Dataset
Cyprus,2012,2.05,Dataset
Cyprus,2013,1.88,Dataset
Cyprus,2014,1.9,Dataset
Cyprus,2015,1.97,Dataset
Cyprus,2016,2.08,Dataset
Cyprus,2017,2.16,Dataset
Cyprus,2018,2.14,Dataset
Cyprus,2019,2.14,Dataset
Cyprus,2020,1.76,Dataset
Cyprus,2021,1.88,Dataset
Cyprus,2022,1.99,Dataset
Cyprus,2023,1.9713546531744195,Predicted
Cyprus,2024,1.9664540170391174,Predicted
Cyprus,2025,1.9623594759747756,Predicted
Cyprus,2026,1.968039887503109,Predicted
Cyprus,2027,1.9771804821440737,Predicted
Cyprus,2028,2.0052230491198575,Predicted
Cyprus,2029,2.0385903213273666,Predicted
Cyprus,2030,2.0719576179501615,Predicted
Cyprus,2031,2.1063053591987306,Predicted
Cyprus,2032,2.1413792598730472,Predicted
Cyprus,2033,2.171049545112424,Predicted
Cyprus,2034,2.2007198059365147,Predicted
Cyprus,2035,2.229165066426137,Predicted
Cyprus,2036,2.2530765060320355,Predicted
Cyprus,2037,2.276374804569451,Predicted
Cyprus,2038,2.299673151937438,Predicted
Cyprus,2039,2.3229713894366397,Predicted
Cyprus,2040,2.3462696879740554,Predicted
Cyprus,2041,2.369567952940453,Predicted
Cyprus,2042,2.392866196543476,Predicted
Cyprus,2043,2.4161644172571686,Predicted
Cyprus,2044,2.429161032407201,Predicted
Cyprus,2045,2.429161032407201,Predicted
Cyprus,2046,2.429161032407201,Predicted
Cyprus,2047,2.429161032407201,Predicted
Cyprus,2048,2.429161032407201,Predicted
Cyprus,2049,2.429161032407201,Predicted
Cyprus,2050,2.429161032407201,Predicted
Czechia,2000,2.44,Dataset
Czechia,2001,2.5,Dataset
Czechia,2002,2.45,Dataset
Czechia,2003,2.57,Dataset
Czechia,2004,2.6,Dataset
Czechia,2005,2.56,Dataset
Czechia,2006,2.59,Dataset
Czechia,2007,2.53,Dataset
Czechia,2008,2.5,Dataset
Czechia,2009,2.39,Dataset
Czechia,2010,2.41,Dataset
Czechia,2011,2.33,Dataset
Czechia,2012,2.32,Dataset
Czechia,2013,2.3,Dataset
Czechia,2014,2.24,Dataset
Czechia,2015,2.29,Dataset
Czechia,2016,2.35,Dataset
Czechia,2017,2.41,Dataset
Czechia,2018,2.38,Dataset
Czechia,2019,2.37,Dataset
Czechia,2020,2.29,Dataset
Czechia,2021,2.49,Dataset
Czechia,2022,2.34,Dataset
Czechia,2023,2.259769688024341,Predicted
Czechia,2024,2.246967349880077,Predicted
Czechia,2025,2.2366726935170944,Predicted
Czechia,2026,2.238490204003673,Predicted
Czechia,2027,2.2510634291074147,Predicted
Czechia,2028,2.2636366664187992,Predicted
Czechia,2029,2.276209867107255,Predicted
Czechia,2030,2.288783055588068,Predicted
Czechia,2031,2.301356305107095,Predicted
Czechia,2032,2.3210273223169033,Predicted
Czechia,2033,2.348311220914099,Predicted
Czechia,2034,2.375595079836455,Predicted
Czechia,2035,2.402878984537472,Predicted
Czechia,2036,2.429161032407201,Predicted
Czechia,2037,2.429161032407201,Predicted
Czechia,2038,2.429161032407201,Predicted
Czechia,2039,2.429161032407201,Predicted
Czechia,2040,2.429161032407201,Predicted
Czechia,2041,2.429161032407201,Predicted
Czechia,2042,2.429161032407201,Predicted
Czechia,2043,2.429161032407201,Predicted
Czechia,2044,2.429161032407201,Predicted
Czechia,2045,2.429161032407201,Predicted
Czechia,2046,2.429161032407201,Predicted
Czechia,2047,2.429161032407201,Predicted
Czechia,2048,2.429161032407201,Predicted
Czechia,2049,2.429161032407201,Predicted
Czechia,2050,2.429161032407201,Predicted
Denmark,2000,2.76,Dataset
Denmark,2001,2.82,Dataset
Denmark,2002,2.75,Dataset
Denmark,2003,2.81,Dataset
Denmark,2004,2.84,Dataset
Denmark,2005,2.86,Dataset
Denmark,2006,2.88,Dataset
Denmark,2007,2.88,Dataset
Denmark,2008,2.83,Dataset
Denmark,2009,2.68,Dataset
Denmark,2010,2.8,Dataset
Denmark,2011,2.66,Dataset
Denmark,2012,2.56,Dataset
Denmark,2013,2.51,Dataset
Denmark,2014,2.42,Dataset
Denmark,2015,2.49,Dataset
Denmark,2016,2.53,Dataset
Denmark,2017,2.53,Dataset
Denmark,2018,2.51,Dataset
Denmark,2019,2.46,Dataset
Denmark,2020,2.24,Dataset
Denmark,2021,2.37,Dataset
Denmark,2022,2.26,Dataset
Denmark,2023,2.361524642274732,Predicted
Denmark,2024,2.367993234158181,Predicted
Denmark,2025,2.384202780349041,Predicted
Denmark,2026,2.411023591171437,Predicted
Denmark,2027,2.437844423357207,Predicted
Denmark,2028,2.456702088052397,Predicted
Denmark,2029,2.453764038030995,Predicted
Denmark,2030,2.4513171808300847,Predicted
Denmark,2031,2.448870314473442,Predicted
Denmark,2032,2.4464234450648887,Predicted
Denmark,2033,2.443976584812068,Predicted
Denmark,2034,2.441529727611157,Predicted
Denmark,2035,2.439082858202604,Predicted
Denmark,2036,2.436635988794051,Predicted
Denmark,2037,2.4341891148076313,Predicted
Denmark,2038,2.4317422560807658,Predicted
Denmark,2039,2.429295379042436,Predicted
Denmark,2040,2.429161032407201,Predicted
Denmark,2041,2.429161032407201,Predicted
Denmark,2042,2.429161032407201,Predicted
Denmark,2043,2.429161032407201,Predicted
Denmark,2044,2.429161032407201,Predicted
Denmark,2045,2.429161032407201,Predicted
Denmark,2046,2.429161032407201,Predicted
Denmark,2047,2.429161032407201,Predicted
Denmark,2048,2.429161032407201,Predicted
Denmark,2049,2.429161032407201,Predicted
Denmark,2050,2.429161032407201,Predicted
Estonia,2000,1.74,Dataset
Estonia,2001,1.92,Dataset
Estonia,2002,1.9,Dataset
Estonia,2003,1.99,Dataset
Estonia,2004,2.05,Dataset
Estonia,2005,2.11,Dataset
Estonia,2006,2.14,Dataset
Estonia,2007,2.3,Dataset
Estonia,2008,2.29,Dataset
Estonia,2009,2.07,Dataset
Estonia,2010,2.19,Dataset
Estonia,2011,2.13,Dataset
Estonia,2012,2.18,Dataset
Estonia,2013,2.19,Dataset
Estonia,2014,2.15,Dataset
Estonia,2015,2.13,Dataset
Estonia,2016,2.16,Dataset
Estonia,2017,2.18,Dataset
Estonia,2018,2.24,Dataset
Estonia,2019,2.18,Dataset
Estonia,2020,2.07,Dataset
Estonia,2021,2.13,Dataset
Estonia,2022,2.07,Dataset
Estonia,2023,2.155949911703309,Predicted
Estonia,2024,2.1649991687606636,Predicted
Estonia,2025,2.175846562775435,Predicted
Estonia,2026,2.190880909710727,Predicted
Estonia,2027,2.2057756256273966,Predicted
Estonia,2028,2.220670317128781,Predicted
Estonia,2029,2.239800218362769,Predicted
Estonia,2030,2.2638874968559057,Predicted
Estonia,2031,2.287976630910751,Predicted
Estonia,2032,2.311274880617596,Predicted
Estonia,2033,2.3345731547397257,Predicted
Estonia,2034,2.35787140444657,Predicted
Estonia,2035,2.381169742658825,Predicted
Estonia,2036,2.404468016780955,Predicted
Estonia,2037,2.4277663580451203,Predicted
Estonia,2038,2.429161032407201,Predicted
Estonia,2039,2.429161032407201,Predicted
Estonia,2040,2.429161032407201,Predicted
Estonia,2041,2.429161032407201,Predicted
Estonia,2042,2.429161032407201,Predicted
Estonia,2043,2.429161032407201,Predicted
Estonia,2044,2.429161032407201,Predicted
Estonia,2045,2.429161032407201,Predicted
Estonia,2046,2.429161032407201,Predicted
Estonia,2047,2.429161032407201,Predicted
Estonia,2048,2.429161032407201,Predicted
Estonia,2049,2.429161032407201,Predicted
Estonia,2050,2.429161032407201,Predicted
Finland,2000,4.71,Dataset
Finland,2001,4.79,Dataset
Finland,2002,4.9,Dataset
Finland,2003,4.96,Dataset
Finland,2004,5.0,Dataset
Finland,2005,4.81,Dataset
Finland,2006,5.03,Dataset
Finland,2007,5.02,Dataset
Finland,2008,4.83,Dataset
Finland,2009,4.46,Dataset
Finland,2010,4.89,Dataset
Finland,2011,4.64,Dataset
Finland,2012,4.65,Dataset
Finland,2013,4.54,Dataset
Finland,2014,4.49,Dataset
Finland,2015,4.42,Dataset
Finland,2016,4.58,Dataset
Finland,2017,4.6,Dataset
Finland,2018,4.67,Dataset
Finland,2019,4.61,Dataset
Finland,2020,4.23,Dataset
Finland,2021,4.5,Dataset
Finland,2022,4.2,Dataset
Finland,2023,4.357467014036733,Predicted
Finland,2024,4.32433332286702,Predicted
Finland,2025,4.291200022341878,Predicted
Finland,2026,4.258066721816735,Predicted
Finland,2027,4.224933421291592,Predicted
Finland,2028,4.191799925444164,Predicted
Finland,2029,4.158666624919022,Predicted
Finland,2030,4.125533324393878,Predicted
Finland,2031,4.0924002191910205,Predicted
Finland,2032,4.059266528021308,Predicted
Finland,2033,4.026133325157307,Predicted
Finland,2034,3.9930001222933074,Predicted
Finland,2035,3.9598665287847368,Predicted
Finland,2036,3.9267333259207367,Predicted
Finland,2037,3.893599830073309,Predicted
Finland,2038,3.8600322304470565,Predicted
Finland,2039,3.8261934258278236,Predicted
Finland,2040,3.7923544258863062,Predicted
Finland,2041,3.758515718928216,Predicted
Finland,2042,3.7246767189866983,Predicted
Finland,2043,3.690837914367466,Predicted
Finland,2044,3.620800421279391,Predicted
Finland,2045,3.5389129204714016,Predicted
Finland,2046,3.4570252243411277,Predicted
Finland,2047,3.3751371375662824,Predicted
Finland,2048,3.293249832080579,Predicted
Finland,2049,3.211362087119733,Predicted
Finland,2050,3.129474244497745,Predicted
France,2000,2.55,Dataset
France,2001,2.61,Dataset
France,2002,2.55,Dataset
France,2003,2.56,Dataset
France,2004,2.57,Dataset
France,2005,2.54,Dataset
France,2006,2.49,Dataset
France,2007,2.41,Dataset
France,2008,2.43,Dataset
France,2009,2.32,Dataset
France,2010,2.38,Dataset
France,2011,2.28,Dataset
France,2012,2.34,Dataset
France,2013,2.37,Dataset
France,2014,2.19,Dataset
France,2015,2.23,Dataset
France,2016,2.25,Dataset
France,2017,2.23,Dataset
France,2018,2.19,Dataset
France,2019,2.16,Dataset
France,2020,1.92,Dataset
France,2021,2.11,Dataset
France,2022,2.03,Dataset
France,2023,2.0673352184101064,Predicted
France,2024,2.066350159295345,Predicted
France,2025,2.0680274894193746,Predicted
France,2026,2.085009272783822,Predicted
France,2027,2.109664804842777,Predicted
France,2028,2.134320190410018,Predicted
France,2029,2.158975575977259,Predicted
France,2030,2.1836309859597858,Predicted
France,2031,2.208286444772884,Predicted
France,2032,2.2340204976600617,Predicted
France,2033,2.2603663853979397,Predicted
France,2034,2.286712321966389,Predicted
France,2035,2.313058209704267,Predicted
France,2036,2.339404109649788,Predicted
France,2037,2.365750055373969,Predicted
France,2038,2.392095976682865,Predicted
France,2039,2.418441945296377,Predicted
France,2040,2.429161032407201,Predicted
France,2041,2.429161032407201,Predicted
France,2042,2.429161032407201,Predicted
France,2043,2.429161032407201,Predicted
France,2044,2.429161032407201,Predicted
France,2045,2.429161032407201,Predicted
France,2046,2.429161032407201,Predicted
France,2047,2.429161032407201,Predicted
France,2048,2.429161032407201,Predicted
France,2049,2.429161032407201,Predicted
France,2050,2.429161032407201,Predicted
Germany,2000,2.68,Dataset
Germany,2001,2.72,Dataset
Germany,2002,2.67,Dataset
Germany,2003,2.72,Dataset
Germany,2004,2.7,Dataset
Germany,2005,2.66,Dataset
Germany,2006,2.74,Dataset
Germany,2007,2.59,Dataset
Germany,2008,2.7,Dataset
Germany,2009,2.54,Dataset
Germany,2010,2.73,Dataset
Germany,2011,2.64,Dataset
Germany,2012,2.68,Dataset
Germany,2013,2.74,Dataset
Germany,2014,2.59,Dataset
Germany,2015,2.6,Dataset
Germany,2016,2.63,Dataset
Germany,2017,2.64,Dataset
Germany,2018,2.6,Dataset
Germany,2019,2.58,Dataset
Germany,2020,2.43,Dataset
Germany,2021,2.5,Dataset
Germany,2022,2.42,Dataset
Germany,2023,2.4298650547986433,Predicted
Germany,2024,2.429161032407201,Predicted
Germany,2025,2.429161032407201,Predicted
Germany,2026,2.429161032407201,Predicted
Germany,2027,2.429161032407201,Predicted
Germany,2028,2.429161032407201,Predicted
Germany,2029,2.429161032407201,Predicted
Germany,2030,2.429161032407201,Predicted
Germany,2031,2.429161032407201,Predicted
Germany,2032,2.429161032407201,Predicted
Germany,2033,2.429161032407201,Predicted
Germany,2034,2.429161032407201,Predicted
Germany,2035,2.429161032407201,Predicted
Germany,2036,2.429161032407201,Predicted
Germany,2037,2.429161032407201,Predicted
Germany,2038,2.429161032407201,Predicted
Germany,2039,2.429161032407201,Predicted
Germany,2040,2.429161032407201,Predicted
Germany,2041,2.429161032407201,Predicted
Germany,2042,2.429161032407201,Predicted
Germany,2043,2.429161032407201,Predicted
Germany,2044,2.429161032407201,Predicted
Germany,2045,2.429161032407201,Predicted
Germany,2046,2.429161032407201,Predicted
Germany,2047,2.429161032407201,Predicted
Germany,2048,2.429161032407201,Predicted
Germany,2049,2.429161032407201,Predicted
Germany,2050,2.429161032407201,Predicted
Hungary,2000,1.58,Dataset
Hungary,2001,1.66,Dataset
Hungary,2002,1.67,Dataset
Hungary,2003,1.75,Dataset
Hungary,2004,1.74,Dataset
Hungary,2005,1.86,Dataset
Hungary,2006,1.83,Dataset
Hungary,2007,1.73,Dataset
Hungary,2008,1.74,Dataset
Hungary,2009,1.7,Dataset
Hungary,2010,1.74,Dataset
Hungary,2011,1.75,Dataset
Hungary,2012,1.66,Dataset
Hungary,2013,1.68,Dataset
Hungary,2014,1.64,Dataset
Hungary,2015,1.77,Dataset
Hungary,2016,1.81,Dataset
Hungary,2017,1.89,Dataset
Hungary,2018,1.9,Dataset
Hungary,2019,1.9,Dataset
Hungary,2020,1.85,Dataset
Hungary,2021,1.97,Dataset
Hungary,2022,1.9,Dataset
Hungary,2023,1.802881515802305,Predicted
Hungary,2024,1.7863716554941513,Predicted
Hungary,2025,1.7698617463554265,Predicted
Hungary,2026,1.7533519837084153,Predicted
Hungary,2027,1.736842172230833,Predicted
Hungary,2028,1.7246142158890851,Predicted
Hungary,2029,1.7175347596625397,Predicted
Hungary,2030,1.7104555475888508,Predicted
Hungary,2031,1.7033762378540194,Predicted
Hungary,2032,1.6962969769497591,Predicted
Hungary,2033,1.6892176183843564,Predicted
Hungary,2034,1.697936951686747,Predicted
Hungary,2035,1.708093222210676,Predicted
Hungary,2036,1.7182491020900341,Predicted
Hungary,2037,1.72840527495282,Predicted
Hungary,2038,1.7385614478156062,Predicted
Hungary,2039,1.7487176695089635,Predicted
Hungary,2040,1.7588736958800357,Predicted
Hungary,2041,1.769029917573393,Predicted
Hungary,2042,1.7781312524350352,Predicted
Hungary,2043,1.784893602931582,Predicted
Hungary,2044,1.7945220149797971,Predicted
Hungary,2045,1.8041506223502974,Predicted
Hungary,2046,1.8137790343985123,Predicted
Hungary,2047,1.8234077394301553,Predicted
Hungary,2048,1.8330361514783702,Predicted
Hungary,2049,1.8426647588488705,Predicted
Hungary,2050,1.852293268558228,Predicted
Iceland,2000,6.65,Dataset
Iceland,2001,6.56,Dataset
Iceland,2002,6.71,Dataset
Iceland,2003,6.67,Dataset
Iceland,2004,6.85,Dataset
Iceland,2005,6.77,Dataset
Iceland,2006,7.18,Dataset
Iceland,2007,7.61,Dataset
Iceland,2008,8.44,Dataset
Iceland,2009,8.41,Dataset
Iceland,2010,8.3,Dataset
Iceland,2011,8.34,Dataset
Iceland,2012,8.57,Dataset
Iceland,2013,8.86,Dataset
Iceland,2014,8.95,Dataset
Iceland,2015,9.28,Dataset
Iceland,2016,9.27,Dataset
Iceland,2017,9.41,Dataset
Iceland,2018,9.95,Dataset
Iceland,2019,9.01,Dataset
Iceland,2020,8.08,Dataset
Iceland,2021,8.38,Dataset
Iceland,2023,7.665526099362996,Predicted
Iceland,2024,7.383269771487257,Predicted
Iceland,2025,7.130652037810121,Predicted
Iceland,2026,6.878033522843845,Predicted
Iceland,2027,6.636140154557101,Predicted
Iceland,2028,6.475633285416846,Predicted
Iceland,2029,6.33432112788633,Predicted
Iceland,2030,6.243662679862091,Predicted
Iceland,2031,6.15300462248242,Predicted
Iceland,2032,6.06234617445818,Predicted
Iceland,2033,5.971688507723081,Predicted
Iceland,2034,5.884212250369082,Predicted
Iceland,2035,5.82329044833061,Predicted
Iceland,2036,5.7623686462921375,Predicted
Iceland,2037,5.701446844253666,Predicted
Iceland,2038,5.640525042215193,Predicted
Iceland,2039,5.579603630821293,Predicted
Iceland,2040,5.5141274990591524,Predicted
Iceland,2041,5.443735886668036,Predicted
Iceland,2042,5.37334427427692,Predicted
Iceland,2043,5.302952661885803,Predicted
Iceland,2044,5.232560854172402,Predicted
Iceland,2045,5.162169437103571,Predicted
Iceland,2046,5.09177802003474,Predicted
Iceland,2047,5.021386212321338,Predicted
Iceland,2048,4.950993818641081,Predicted
Iceland,2049,4.880602596894535,Predicted
Iceland,2050,4.810210789181134,Predicted
Ireland,2000,2.84,Dataset
Ireland,2001,2.91,Dataset
Ireland,2002,2.87,Dataset
Ireland,2003,2.91,Dataset
Ireland,2004,2.93,Dataset
Ireland,2005,3.03,Dataset
Ireland,2006,3.07,Dataset
Ireland,2007,3.0,Dataset
Ireland,2008,2.94,Dataset
Ireland,2009,2.6,Dataset
Ireland,2010,2.61,Dataset
Ireland,2011,2.41,Dataset
Ireland,2012,2.34,Dataset
Ireland,2013,2.35,Dataset
Ireland,2014,2.34,Dataset
Ireland,2015,2.41,Dataset
Ireland,2016,2.47,Dataset
Ireland,2017,2.46,Dataset
Ireland,2018,2.55,Dataset
Ireland,2019,2.51,Dataset
Ireland,2020,2.24,Dataset
Ireland,2021,2.27,Dataset
Ireland,2022,2.32,Dataset
Ireland,2023,2.3451817550532152,Predicted
Ireland,2024,2.351915893687196,Predicted
Ireland,2025,2.3625537770839093,Predicted
Ireland,2026,2.373312580234707,Predicted
Ireland,2027,2.384294514681043,Predicted
Ireland,2028,2.3952765223732353,Predicted
Ireland,2029,2.406258481234857,Predicted
Ireland,2030,2.4172405133423354,Predicted
Ireland,2031,2.4282224111657427,Predicted
Ireland,2032,2.4392043517159,Predicted
Ireland,2033,2.450186408238664,Predicted
Ireland,2034,2.4611683762560177,Predicted
Ireland,2035,2.4811543018201165,Predicted
Ireland,2036,2.477121384936751,Predicted
Ireland,2037,2.4730884192228135,Predicted
Ireland,2038,2.4678826225360164,Predicted
Ireland,2039,2.46260883538251,Predicted
Ireland,2040,2.4573350024503435,Predicted
Ireland,2041,2.4520612091930163,Predicted
Ireland,2042,2.4467874189875998,Predicted
Ireland,2043,2.4415136043668975,Predicted
Ireland,2044,2.436239756175177,Predicted
Ireland,2045,2.430966023956064,Predicted
Ireland,2046,2.429161032407201,Predicted
Ireland,2047,2.429161032407201,Predicted
Ireland,2048,2.429161032407201,Predicted
Ireland,2049,2.429161032407201,Predicted
Ireland,2050,2.429161032407201,Predicted
Italy,2000,2.19,Dataset
Italy,2001,2.21,Dataset
Italy,2002,2.22,Dataset
Italy,2003,2.33,Dataset
Italy,2004,2.32,Dataset
Italy,2005,2.37,Dataset
Italy,2006,2.33,Dataset
Italy,2007,2.3,Dataset
Italy,2008,2.28,Dataset
Italy,2009,2.14,Dataset
Italy,2010,2.17,Dataset
Italy,2011,2.07,Dataset
Italy,2012,2.05,Dataset
Italy,2013,1.97,Dataset
Italy,2014,1.86,Dataset
Italy,2015,1.91,Dataset
Italy,2016,1.91,Dataset
Italy,2017,1.9,Dataset
Italy,2018,1.93,Dataset
Italy,2019,1.93,Dataset
Italy,2020,1.73,Dataset
Italy,2021,1.93,Dataset
Italy,2022,1.9,Dataset
Italy,2023,1.9045053080862833,Predicted
Italy,2024,1.8955082264943588,Predicted
Italy,2025,1.885948079584816,Predicted
Italy,2026,1.8829090601496161,Predicted
Italy,2027,1.892394252132219,Predicted
Italy,2028,1.902321360785054,Predicted
Italy,2029,1.912248664760174,Predicted
Italy,2030,1.9221757734130087,Predicted
Italy,2031,1.9321031262187,Predicted
Italy,2032,1.9420301860409637,Predicted
Italy,2033,1.9519574900160837,Predicted
Italy,2034,1.9618845986689184,Predicted
Italy,2035,1.9820863919810756,Predicted
Italy,2036,2.003462755855195,Predicted
Italy,2037,2.024838973237601,Predicted
Italy,2038,2.046215312696435,Predicted
Italy,2039,2.067591530078841,Predicted
Italy,2040,2.088967796291818,Predicted
Italy,2041,2.1103440869200805,Predicted
Italy,2042,2.1317204996247714,Predicted
Italy,2043,2.1530966925918915,Predicted
Italy,2044,2.17447300763544,Predicted
Italy,2045,2.195849347094274,Predicted
Italy,2046,2.217225613307251,Predicted
Italy,2047,2.2386018551049425,Predicted
Italy,2048,2.2599781701484907,Predicted
Italy,2049,2.280607157713634,Predicted
Italy,2050,2.300436471427943,Predicted
Latvia,2000,1.37,Dataset
Latvia,2001,1.53,Dataset
Latvia,2002,1.57,Dataset
Latvia,2003,1.66,Dataset
Latvia,2004,1.73,Dataset
Latvia,2005,1.8,Dataset
Latvia,2006,1.89,Dataset
Latvia,2007,1.98,Dataset
Latvia,2008,1.91,Dataset
Latvia,2009,1.89,Dataset
Latvia,2010,1.96,Dataset
Latvia,2011,1.88,Dataset
Latvia,2012,1.98,Dataset
Latvia,2013,1.92,Dataset
Latvia,2014,1.95,Dataset
Latvia,2015,1.92,Dataset
Latvia,2016,1.95,Dataset
Latvia,2017,2.06,Dataset
Latvia,2018,2.17,Dataset
Latvia,2019,2.13,Dataset
Latvia,2020,2.03,Dataset
Latvia,2021,2.15,Dataset
Latvia,2022,2.11,Dataset
Latvia,2023,2.0927468186197284,Predicted
Latvia,2024,2.0822078384932645,Predicted
Latvia,2025,2.0716688583668006,Predicted
Latvia,2026,2.0611298538250513,Predicted
Latvia,2027,2.052233827100425,Predicted
Latvia,2028,2.0533119084535056,Predicted
Latvia,2029,2.0746828033036397,Predicted
Latvia,2030,2.0960536981537743,Predicted
Latvia,2031,2.117424593003909,Predicted
Latvia,2032,2.1387954146081865,Predicted
Latvia,2033,2.1601662606277494,Predicted
Latvia,2034,2.179601072156555,Predicted
Latvia,2035,2.201222370176297,Predicted
Latvia,2036,2.2253095876312194,Predicted
Latvia,2037,2.2493969027472844,Predicted
Latvia,2038,2.273484156825135,Predicted
Latvia,2039,2.297571410902986,Predicted
Latvia,2040,2.3216586161502657,Predicted
Latvia,2041,2.345745967889259,Predicted
Latvia,2042,2.369833115150235,Predicted
Latvia,2043,2.393920347864711,Predicted
Latvia,2044,2.41800760575745,Predicted
Latvia,2045,2.429161032407201,Predicted
Latvia,2046,2.429161032407201,Predicted
Latvia,2047,2.429161032407201,Predicted
Latvia,2048,2.429161032407201,Predicted
Latvia,2049,2.429161032407201,Predicted
Latvia,2050,2.429161032407201,Predicted
Lithuania,2000,1.08,Dataset
Lithuania,2001,1.13,Dataset
Lithuania,2002,1.19,Dataset
Lithuania,2003,1.23,Dataset
Lithuania,2004,1.3,Dataset
Lithuania,2005,1.41,Dataset
Lithuania,2006,1.51,Dataset
Lithuania,2007,1.61,Dataset
Lithuania,2008,1.6,Dataset
Lithuania,2009,1.47,Dataset
Lithuania,2010,1.55,Dataset
Lithuania,2011,1.58,Dataset
Lithuania,2012,1.64,Dataset
Lithuania,2013,1.62,Dataset
Lithuania,2014,1.66,Dataset
Lithuania,2015,1.67,Dataset
Lithuania,2016,1.78,Dataset
Lithuania,2017,1.89,Dataset
Lithuania,2018,1.99,Dataset
Lithuania,2019,1.99,Dataset
Lithuania,2020,1.9,Dataset
Lithuania,2021,2.02,Dataset
Lithuania,2022,1.9,Dataset
Lithuania,2023,2.05071961549981,Predicted
Lithuania,2024,2.09654866923972,Predicted
Lithuania,2025,2.142377600903201,Predicted
Lithuania,2026,2.1900849713985964,Predicted
Lithuania,2027,2.24007531759381,Predicted
Lithuania,2028,2.298253219962354,Predicted
Lithuania,2029,2.342411535705359,Predicted
Lithuania,2030,2.3501275716746095,Predicted
Lithuania,2031,2.3578436564744307,Predicted
Lithuania,2032,2.3658023651234705,Predicted
Lithuania,2033,2.374183058413921,Predicted
Lithuania,2034,2.3814948627063375,Predicted
Lithuania,2035,2.3870318466391307,Predicted
Lithuania,2036,2.3925620827973533,Predicted
Lithuania,2037,2.3988735867329423,Predicted
Lithuania,2038,2.4054797892701263,Predicted
Lithuania,2039,2.4120083466210827,Predicted
Lithuania,2040,2.4185002276351297,Predicted
Lithuania,2041,2.424992148324016,Predicted
Lithuania,2042,2.429161032407201,Predicted
Lithuania,2043,2.429161032407201,Predicted
Lithuania,2044,2.429161032407201,Predicted
Lithuania,2045,2.429161032407201,Predicted
Lithuania,2046,2.429161032407201,Predicted
Lithuania,2047,2.429161032407201,Predicted
Lithuania,2048,2.429161032407201,Predicted
Lithuania,2049,2.429161032407201,Predicted
Lithuania,2050,2.429161032407201,Predicted
Luxembourg,2000,8.04,Dataset
Luxembourg,2001,8.31,Dataset
Luxembourg,2002,8.32,Dataset
Luxembourg,2003,8.75,Dataset
Luxembourg,2004,9.58,Dataset
Luxembourg,2005,9.63,Dataset
Luxembourg,2006,9.33,Dataset
Luxembourg,2007,9.04,Dataset
Luxembourg,2008,8.96,Dataset
Luxembourg,2009,8.2,Dataset
Luxembourg,2010,8.54,Dataset
Luxembourg,2011,8.28,Dataset
Luxembourg,2012,7.85,Dataset
Luxembourg,2013,7.6,Dataset
Luxembourg,2014,7.19,Dataset
Luxembourg,2015,7.0,Dataset
Luxembourg,2016,6.94,Dataset
Luxembourg,2017,7.01,Dataset
Luxembourg,2018,7.16,Dataset
Luxembourg,2019,7.08,Dataset
Luxembourg,2020,6.04,Dataset
Luxembourg,2021,6.34,Dataset
Luxembourg,2022,5.62,Dataset
Luxembourg,2023,5.745040825084199,Predicted
Luxembourg,2024,5.541958385508367,Predicted
Luxembourg,2025,5.351924646516632,Predicted
Luxembourg,2026,5.240622195526575,Predicted
Luxembourg,2027,5.1293193538919475,Predicted
Luxembourg,2028,5.0180165122573195,Predicted
Luxembourg,2029,4.906713865944977,Predicted
Luxembourg,2030,4.795411219632635,Predicted
Luxembourg,2031,4.684108377998007,Predicted
Luxembourg,2032,4.57280592700795,Predicted
Luxembourg,2033,4.461503671340179,Predicted
Luxembourg,2034,4.354649294750649,Predicted
Luxembourg,2035,4.257846007634475,Predicted
Luxembourg,2036,4.191166495273308,Predicted
Luxembourg,2037,4.162360755298733,Predicted
Luxembourg,2038,4.136205148089553,Predicted
Luxembourg,2039,4.101969057942254,Predicted
Luxembourg,2040,4.0468317253795485,Predicted
Luxembourg,2041,3.991694783461413,Predicted
Luxembourg,2042,3.936557353237565,Predicted
Luxembourg,2043,3.881420313658287,Predicted
Luxembourg,2044,3.826283078756724,Predicted
Luxembourg,2045,3.7711459415163033,Predicted
Luxembourg,2046,3.7160086089535973,Predicted
Luxembourg,2047,3.6608715693743195,Predicted
Luxembourg,2048,3.605734236811614,Predicted
Luxembourg,2049,3.5505970019100506,Predicted
Luxembourg,2050,3.49545986466963,Predicted
Malta,2000,1.15,Dataset
Malta,2001,1.02,Dataset
Malta,2002,0.93,Dataset
Malta,2003,1.0,Dataset
Malta,2004,1.12,Dataset
Malta,2005,1.14,Dataset
Malta,2006,1.16,Dataset
Malta,2007,1.18,Dataset
Malta,2008,1.22,Dataset
Malta,2009,1.09,Dataset
Malta,2010,1.21,Dataset
Malta,2011,1.18,Dataset
Malta,2012,1.21,Dataset
Malta,2013,1.24,Dataset
Malta,2014,1.27,Dataset
Malta,2015,1.3,Dataset
Malta,2016,1.27,Dataset
Malta,2017,1.32,Dataset
Malta,2018,1.36,Dataset
Malta,2019,1.39,Dataset
Malta,2020,1.07,Dataset
Malta,2021,1.14,Dataset
Malta,2022,1.32,Dataset
Malta,2023,1.3542982029934967,Predicted
Malta,2024,1.3721041731555697,Predicted
Malta,2025,1.3899100456565,Predicted
Malta,2026,1.4077161134797151,Predicted
Malta,2027,1.418067803949972,Predicted
Malta,2028,1.4281598134420745,Predicted
Malta,2029,1.4557303352851365,Predicted
Malta,2030,1.4873632676766277,Predicted
Malta,2031,1.518996590712689,Predicted
Malta,2032,1.554441823466429,Predicted
Malta,2033,1.5968032230162992,Predicted
Malta,2034,1.6477684715674445,Predicted
Malta,2035,1.6987336712880186,Predicted
Malta,2036,1.749698919839164,Predicted
Malta,2037,1.8006641195597377,Predicted
Malta,2038,1.84095612832864,Predicted
Malta,2039,1.8750101292755754,Predicted
Malta,2040,1.9055912511613429,Predicted
Malta,2041,1.9361723242165392,Predicted
Malta,2042,1.9667535437634494,Predicted
Malta,2043,1.9973344703269316,Predicted
Malta,2044,2.0279156898738417,Predicted
Malta,2045,2.0584966652678953,Predicted
Malta,2046,2.08910518110416,Predicted
Malta,2047,2.1187445565919063,Predicted
Malta,2048,2.1477365851959767,Predicted
Malta,2049,2.1767287114611893,Predicted
Malta,2050,2.2057206668194027,Predicted
Montenegro,2005,1.24,Dataset
Montenegro,2006,1.29,Dataset
Montenegro,2007,1.4,Dataset
Montenegro,2008,1.41,Dataset
Montenegro,2009,1.18,Dataset
Montenegro,2010,1.16,Dataset
Montenegro,2011,1.18,Dataset
Montenegro,2012,1.14,Dataset
Montenegro,2013,1.05,Dataset
Montenegro,2014,1.05,Dataset
Montenegro,2015,1.09,Dataset
Montenegro,2016,1.14,Dataset
Montenegro,2017,1.21,Dataset
Montenegro,2018,1.21,Dataset
Montenegro,2019,1.27,Dataset
Montenegro,2020,1.13,Dataset
Montenegro,2021,1.31,Dataset
Montenegro,2023,1.403822363724544,Predicted
Montenegro,2024,1.4529599816532093,Predicted
Montenegro,2025,1.5020978925653026,Predicted
Montenegro,2026,1.5512358034773954,Predicted
Montenegro,2027,1.599788333500788,Predicted
Montenegro,2028,1.6489120347166337,Predicted
Montenegro,2029,1.7115996478743245,Predicted
Montenegro,2030,1.7743770116220576,Predicted
Montenegro,2031,1.843608458469744,Predicted
Montenegro,2032,1.9128396611645737,Predicted
Montenegro,2033,1.9820710591816886,Predicted
Montenegro,2034,2.0511568688504833,Predicted
Montenegro,2035,2.105580200799694,Predicted
Montenegro,2036,2.160003483918333,Predicted
Montenegro,2037,2.214426767036972,Predicted
Montenegro,2038,2.268850147816754,Predicted
Montenegro,2039,2.32327350418125,Predicted
Montenegro,2040,2.369111631251689,Predicted
Montenegro,2041,2.3756082213639553,Predicted
Montenegro,2042,2.3821047931647574,Predicted
Montenegro,2043,2.388601358861738,Predicted
Montenegro,2044,2.3950979398182723,Predicted
Montenegro,2045,2.401594539086271,Predicted
Montenegro,2046,2.408091127672582,Predicted
Montenegro,2047,2.414587716258893,Predicted
Montenegro,2048,2.4211960871786338,Predicted
Montenegro,2049,2.4291414574519328,Predicted
Montenegro,2050,2.429161032407201,Predicted
Netherlands,2000,3.29,Dataset
Netherlands,2001,3.32,Dataset
Netherlands,2002,3.3,Dataset
Netherlands,2003,3.34,Dataset
Netherlands,2004,3.37,Dataset
Netherlands,2005,3.33,Dataset
Netherlands,2006,3.31,Dataset
Netherlands,2007,3.26,Dataset
Netherlands,2008,3.3,Dataset
Netherlands,2009,3.15,Dataset
Netherlands,2010,3.35,Dataset
Netherlands,2011,3.11,Dataset
Netherlands,2012,3.11,Dataset
Netherlands,2013,3.09,Dataset
Netherlands,2014,2.82,Dataset
Netherlands,2015,2.87,Dataset
Netherlands,2016,2.91,Dataset
Netherlands,2017,2.92,Dataset
Netherlands,2018,2.92,Dataset
Netherlands,2019,2.85,Dataset
Netherlands,2020,2.59,Dataset
Netherlands,2021,2.67,Dataset
Netherlands,2022,2.45,Dataset
Netherlands,2023,2.6101762562381237,Predicted
Netherlands,2024,2.5962839587043107,Predicted
Netherlands,2025,2.5780456670792655,Predicted
Netherlands,2026,2.5254433736254103,Predicted
Netherlands,2027,2.4846745709507276,Predicted
Netherlands,2028,2.462464559355794,Predicted
Netherlands,2029,2.4519857323893457,Predicted
Netherlands,2030,2.4446620744757475,Predicted
Netherlands,2031,2.437338404354506,Predicted
Netherlands,2032,2.430014738811131,Predicted
Netherlands,2033,2.429161032407201,Predicted
Netherlands,2034,2.429161032407201,Predicted
Netherlands,2035,2.429161032407201,Predicted
Netherlands,2036,2.429161032407201,Predicted
Netherlands,2037,2.429161032407201,Predicted
Netherlands,2038,2.429161032407201,Predicted
Netherlands,2039,2.429161032407201,Predicted
Netherlands,2040,2.429161032407201,Predicted
Netherlands,2041,2.429161032407201,Predicted
Netherlands,2042,2.429161032407201,Predicted
Netherlands,2043,2.429161032407201,Predicted
Netherlands,2044,2.429161032407201,Predicted
Netherlands,2045,2.429161032407201,Predicted
Netherlands,2046,2.429161032407201,Predicted
Netherlands,2047,2.429161032407201,Predicted
Netherlands,2048,2.429161032407201,Predicted
Netherlands,2049,2.429161032407201,Predicted
Netherlands,2050,2.429161032407201,Predicted
North Macedonia,2000,0.78,Dataset
North Macedonia,2001,0.69,Dataset
North Macedonia,2002,0.72,Dataset
North Macedonia,2003,0.81,Dataset
North Macedonia,2004,0.79,Dataset
North Macedonia,2005,0.86,Dataset
North Macedonia,2006,0.86,Dataset
North Macedonia,2007,0.91,Dataset
North Macedonia,2008,0.88,Dataset
North Macedonia,2009,0.82,Dataset
North Macedonia,2010,0.88,Dataset
North Macedonia,2011,0.93,Dataset
North Macedonia,2012,0.9,Dataset
North Macedonia,2013,0.89,Dataset
North Macedonia,2014,0.88,Dataset
North Macedonia,2015,0.89,Dataset
North Macedonia,2016,0.9,Dataset
North Macedonia,2017,0.91,Dataset
North Macedonia,2018,0.9,Dataset
North Macedonia,2019,0.95,Dataset
North Macedonia,2020,0.88,Dataset
North Macedonia,2021,1.01,Dataset
North Macedonia,2023,1.1050710688648955,Predicted
North Macedonia,2024,1.1507721865080087,Predicted
North Macedonia,2025,1.1964118752924309,Predicted
North Macedonia,2026,1.242051368754568,Predicted
North Macedonia,2027,1.2876909598778479,Predicted
North Macedonia,2028,1.3333305510011275,Predicted
North Macedonia,2029,1.3789700444632647,Predicted
North Macedonia,2030,1.4246096355865445,Predicted
North Macedonia,2031,1.4719208924875835,Predicted
North Macedonia,2032,1.510016746312432,Predicted
North Macedonia,2033,1.5481125024761382,Predicted
North Macedonia,2034,1.5950597762987342,Predicted
North Macedonia,2035,1.645219515745775,Predicted
North Macedonia,2036,1.6953792063622442,Predicted
North Macedonia,2037,1.745538799317571,Predicted
North Macedonia,2038,1.7956984411034689,Predicted
North Macedonia,2039,1.8458581317199383,Predicted
North Macedonia,2040,1.8960177735058363,Predicted
North Macedonia,2041,1.9461774152917344,Predicted
North Macedonia,2042,1.996337008247061,Predicted
North Macedonia,2043,2.0464966256176735,Predicted
North Macedonia,2044,2.091213660757451,Predicted
North Macedonia,2045,2.1336602208236624,Predicted
North Macedonia,2046,2.176106805305159,Predicted
North Macedonia,2047,2.220013716851845,Predicted
North Macedonia,2048,2.264150827919264,Predicted
North Macedonia,2049,2.3082880000248975,Predicted
North Macedonia,2050,2.352424879147103,Predicted
Norway,2000,4.03,Dataset
Norway,2001,4.07,Dataset
Norway,2002,3.99,Dataset
Norway,2003,3.95,Dataset
Norway,2004,4.03,Dataset
Norway,2005,4.03,Dataset
Norway,2006,3.98,Dataset
Norway,2007,4.01,Dataset
Norway,2008,3.97,Dataset
Norway,2009,3.78,Dataset
Norway,2010,4.06,Dataset
Norway,2011,3.87,Dataset
Norway,2012,3.87,Dataset
Norway,2013,3.82,Dataset
Norway,2014,3.69,Dataset
Norway,2015,3.7,Dataset
Norway,2016,3.72,Dataset
Norway,2017,3.73,Dataset
Norway,2018,3.73,Dataset
Norway,2019,3.68,Dataset
Norway,2020,3.52,Dataset
Norway,2021,3.64,Dataset
Norway,2023,3.475530448284164,Predicted
Norway,2024,3.4416916436649316,Predicted
Norway,2025,3.4078527413845565,Predicted
Norway,2026,3.3740138391041814,Predicted
Norway,2027,3.3401749368238063,Predicted
Norway,2028,3.285625036033796,Predicted
Norway,2029,3.215233325981537,Predicted
Norway,2030,3.1448417135904205,Predicted
Norway,2031,3.0644420314592598,Predicted
Norway,2032,2.986112326075923,Predicted
Norway,2033,2.9077826206925863,Predicted
Norway,2034,2.8294530129703923,Predicted
Norway,2035,2.7511231610953413,Predicted
Norway,2036,2.672793528957862,Predicted
Norway,2037,2.5944638724050963,Predicted
Norway,2038,2.516134118191188,Predicted
Norway,2039,2.4558757923844734,Predicted
Norway,2040,2.4462915140169783,Predicted
Norway,2041,2.4367072356494828,Predicted
Norway,2042,2.429161032407201,Predicted
Norway,2043,2.429161032407201,Predicted
Norway,2044,2.429161032407201,Predicted
Norway,2045,2.429161032407201,Predicted
Norway,2046,2.429161032407201,Predicted
Norway,2047,2.429161032407201,Predicted
Norway,2048,2.429161032407201,Predicted
Norway,2049,2.429161032407201,Predicted
Norway,2050,2.429161032407201,Predicted
Poland,2000,1.44,Dataset
Poland,2001,1.45,Dataset
Poland,2002,1.44,Dataset
Poland,2003,1.48,Dataset
Poland,2004,1.52,Dataset
Poland,2005,1.53,Dataset
Poland,2006,1.61,Dataset
Poland,2007,1.62,Dataset
Poland,2008,1.64,Dataset
Poland,2009,1.61,Dataset
Poland,2010,1.74,Dataset
Poland,2011,1.7,Dataset
Poland,2012,1.69,Dataset
Poland,2013,1.66,Dataset
Poland,2014,1.62,Dataset
Poland,2015,1.64,Dataset
Poland,2016,1.75,Dataset
Poland,2017,1.87,Dataset
Poland,2018,1.97,Dataset
Poland,2019,1.94,Dataset
Poland,2020,1.88,Dataset
Poland,2021,1.99,Dataset
Poland,2022,1.95,Dataset
Poland,2023,1.8395464385658853,Predicted
Poland,2024,1.8243520250178842,Predicted
Poland,2025,1.8091575138087403,Predicted
Poland,2026,1.802297404508458,Predicted
Poland,2027,1.7957561588387412,Predicted
Poland,2028,1.7892151573218809,Predicted
Poland,2029,1.7826316732079923,Predicted
Poland,2030,1.7775305387469476,Predicted
Poland,2031,1.7727206298131142,Predicted
Poland,2032,1.767910623218138,Predicted
Poland,2033,1.7631006654537331,Predicted
Poland,2034,1.7582907076893286,Predicted
Poland,2035,1.7534807987554952,Predicted
Poland,2036,1.7486707433299478,Predicted
Poland,2037,1.7501239899622987,Predicted
Poland,2038,1.7609586147826761,Predicted
Poland,2039,1.7730667897330339,Predicted
Poland,2040,1.7953504744524111,Predicted
Poland,2041,1.817634305663502,Predicted
Poland,2042,1.8399180392134507,Predicted
Poland,2043,1.8614566670759882,Predicted
Poland,2044,1.8828330797806792,Predicted
Poland,2045,1.9042092971630848,Predicted
Poland,2046,1.9255855145454905,Predicted
Poland,2047,1.9469618784196103,Predicted
Poland,2048,1.9683381934631585,Predicted
Poland,2049,1.9897145573372783,Predicted
Poland,2050,2.0110906770585415,Predicted
Portugal,2000,1.75,Dataset
Portugal,2001,1.76,Dataset
Portugal,2002,1.79,Dataset
Portugal,2003,1.78,Dataset
Portugal,2004,1.81,Dataset
Portugal,2005,1.81,Dataset
Portugal,2006,1.78,Dataset
Portugal,2007,1.8,Dataset
Portugal,2008,1.75,Dataset
Portugal,2009,1.73,Dataset
Portugal,2010,1.72,Dataset
Portugal,2011,1.64,Dataset
Portugal,2012,1.52,Dataset
Portugal,2013,1.51,Dataset
Portugal,2014,1.52,Dataset
Portugal,2015,1.54,Dataset
Portugal,2016,1.57,Dataset
Portugal,2017,1.61,Dataset
Portugal,2018,1.64,Dataset
Portugal,2019,1.67,Dataset
Portugal,2020,1.45,Dataset
Portugal,2021,1.51,Dataset
Portugal,2022,1.61,Dataset
Portugal,2023,1.6508970462704018,Predicted
Portugal,2024,1.6736070707077677,Predicted
Portugal,2025,1.705240247252115,Predicted
Portugal,2026,1.7368701033176144,Predicted
Portugal,2027,1.7563335783917706,Predicted
Portugal,2028,1.7757970046353555,Predicted
Portugal,2029,1.800802407737649,Predicted
Portugal,2030,1.8308857996101928,Predicted
Portugal,2031,1.8671491885860032,Predicted
Portugal,2032,1.901632947390918,Predicted
Portugal,2033,1.9361168526875465,Predicted
Portugal,2034,1.9706006603230324,Predicted
Portugal,2035,2.000381790959252,Predicted
Portugal,2036,2.029373843978608,Predicted
Portugal,2037,2.0583658969979637,Predicted
Portugal,2038,2.087357925602034,Predicted
Portugal,2039,2.116350051867247,Predicted
Portugal,2040,2.145342031640746,Predicted
Portugal,2041,2.1743341090753874,Predicted
Portugal,2042,2.203326113264172,Predicted
Portugal,2043,2.2323180564147425,Predicted
Portugal,2044,2.2613101948875984,Predicted
Portugal,2045,2.2903021624534547,Predicted
Portugal,2046,2.3192942398880962,Predicted
Portugal,2047,2.348286231869238,Predicted
Portugal,2048,2.377278324563433,Predicted
Portugal,2049,2.4062704096278513,Predicted
Portugal,2050,2.429161032407201,Predicted
Romania,2000,1.01,Dataset
Romania,2001,1.05,Dataset
Romania,2002,1.07,Dataset
Romania,2003,1.12,Dataset
Romania,2004,1.16,Dataset
Romania,2005,1.15,Dataset
Romania,2006,1.17,Dataset
Romania,2007,1.16,Dataset
Romania,2008,1.2,Dataset
Romania,2009,1.09,Dataset
Romania,2010,1.11,Dataset
Romania,2011,1.13,Dataset
Romania,2012,1.13,Dataset
Romania,2013,1.09,Dataset
Romania,2014,1.09,Dataset
Romania,2015,1.1,Dataset
Romania,2016,1.13,Dataset
Romania,2017,1.19,Dataset
Romania,2018,1.21,Dataset
Romania,2019,1.23,Dataset
Romania,2020,1.22,Dataset
Romania,2021,1.33,Dataset
Romania,2022,1.26,Dataset
Romania,2023,1.3616725958706721,Predicted
Romania,2024,1.417215124513995,Predicted
Romania,2025,1.4727578484796031,Predicted
Romania,2026,1.528300572445211,Predicted
Romania,2027,1.5838433940719616,Predicted
Romania,2028,1.6393862156987125,Predicted
Romania,2029,1.6949288908337492,Predicted
Romania,2030,1.7504716636299285,Predicted
Romania,2031,1.8060143387649652,Predicted
Romania,2032,1.8591197824254584,Predicted
Romania,2033,1.9088578210587839,Predicted
Romania,2034,1.9540024655114037,Predicted
Romania,2035,1.9878232516498278,Predicted
Romania,2036,2.023839118459737,Predicted
Romania,2037,2.045862487403533,Predicted
Romania,2038,2.0749666554145856,Predicted
Romania,2039,2.1040707257644953,Predicted
Romania,2040,2.133174649622691,Predicted
Romania,2041,2.1622787688031724,Predicted
Romania,2042,2.1913827414919393,Predicted
Romania,2043,2.2204868606724206,Predicted
Romania,2044,2.2495907234924024,Predicted
Romania,2045,2.27869491591874,Predicted
Romania,2046,2.307798851984579,Predicted
Romania,2047,2.3369029345421315,Predicted
Romania,2048,2.3284540859817944,Predicted
Romania,2049,2.3342988490054686,Predicted
Romania,2050,2.340957593237367,Predicted
Serbia,2000,0.92,Dataset
Serbia,2001,1.06,Dataset
Serbia,2002,1.15,Dataset
Serbia,2003,1.22,Dataset
Serbia,2004,1.38,Dataset
Serbia,2005,1.28,Dataset
Serbia,2006,1.3,Dataset
Serbia,2007,1.38,Dataset
Serbia,2008,1.29,Dataset
Serbia,2009,1.16,Dataset
Serbia,2010,1.23,Dataset
Serbia,2011,1.28,Dataset
Serbia,2012,1.18,Dataset
Serbia,2013,1.16,Dataset
Serbia,2014,1.1,Dataset
Serbia,2015,1.15,Dataset
Serbia,2016,1.22,Dataset
Serbia,2017,1.26,Dataset
Serbia,2018,1.29,Dataset
Serbia,2019,1.3,Dataset
Serbia,2020,1.32,Dataset
Serbia,2021,1.43,Dataset
Serbia,2023,1.4047682118905545,Predicted
Serbia,2024,1.4275229651312276,Predicted
Serbia,2025,1.4486335930363525,Predicted
Serbia,2026,1.4588426982384237,Predicted
Serbia,2027,1.4690519987627801,Predicted
Serbia,2028,1.4792611039648516,Predicted
Serbia,2029,1.4894703068280655,Predicted
Serbia,2030,1.4996795096912792,Predicted
Serbia,2031,1.509888712554493,Predicted
Serbia,2032,1.520097915417707,Predicted
Serbia,2033,1.533883664644951,Predicted
Serbia,2034,1.54938912893211,Predicted
Serbia,2035,1.576664030496544,Predicted
Serbia,2036,1.6039388343998353,Predicted
Serbia,2037,1.6273362467893397,Predicted
Serbia,2038,1.6419127094575858,Predicted
Serbia,2039,1.6551779247948106,Predicted
Serbia,2040,1.662367933434771,Predicted
Serbia,2041,1.6695578444135888,Predicted
Serbia,2042,1.6860402131101027,Predicted
Serbia,2043,1.7126180582692812,Predicted
Serbia,2044,1.7391959034284596,Predicted
Serbia,2045,1.7657737485876384,Predicted
Serbia,2046,1.7923516425773882,Predicted
Serbia,2047,1.8175083227895574,Predicted
Serbia,2048,1.8408067556110443,Predicted
Serbia,2049,1.8641050419408172,Predicted
Serbia,2050,1.8874032794400186,Predicted
Slovakia,2000,2.03,Dataset
Slovakia,2001,2.13,Dataset
Slovakia,2002,2.16,Dataset
Slovakia,2003,2.09,Dataset
Slovakia,2004,2.06,Dataset
Slovakia,2005,2.15,Dataset
Slovakia,2006,2.12,Dataset
Slovakia,2007,2.08,Dataset
Slovakia,2008,2.13,Dataset
Slovakia,2009,1.97,Dataset
Slovakia,2010,2.27,Dataset
Slovakia,2011,2.12,Dataset
Slovakia,2012,2.05,Dataset
Slovakia,2013,2.09,Dataset
Slovakia,2014,1.91,Dataset
Slovakia,2015,1.96,Dataset
Slovakia,2016,2.04,Dataset
Slovakia,2017,2.16,Dataset
Slovakia,2018,2.13,Dataset
Slovakia,2019,2.05,Dataset
Slovakia,2020,1.9,Dataset
Slovakia,2021,2.13,Dataset
Slovakia,2022,1.98,Dataset
Slovakia,2023,2.004949451428884,Predicted
Slovakia,2024,1.995367135439973,Predicted
Slovakia,2025,1.9903071651505306,Predicted
Slovakia,2026,1.9960387511175828,Predicted
Slovakia,2027,2.00499261765391,Predicted
Slovakia,2028,2.0204554528523273,Predicted
Slovakia,2029,2.0359182392201736,Predicted
Slovakia,2030,2.051381050003305,Predicted
Slovakia,2031,2.066843909617008,Predicted
Slovakia,2032,2.0823067204001395,Predicted
Slovakia,2033,2.103485027477081,Predicted
Slovakia,2034,2.1281404130443224,Predicted
Slovakia,2035,2.152795847442135,Predicted
Slovakia,2036,2.1774511841788047,Predicted
Slovakia,2037,2.2021067162377594,Predicted
Slovakia,2038,2.2280406082379676,Predicted
Slovakia,2039,2.2543864959758455,Predicted
Slovakia,2040,2.2807324081290092,Predicted
Slovakia,2041,2.30707839352803,Predicted
Slovakia,2042,2.333424195812408,Predicted
Slovakia,2043,2.3597701110174825,Predicted
Slovakia,2044,2.3861159804438965,Predicted
Slovakia,2045,2.4124618819153727,Predicted
Slovakia,2046,2.429161032407201,Predicted
Slovakia,2047,2.429161032407201,Predicted
Slovakia,2048,2.429161032407201,Predicted
Slovakia,2049,2.429161032407201,Predicted
Slovakia,2050,2.429161032407201,Predicted
Slovenia,2000,2.3,Dataset
Slovenia,2001,2.41,Dataset
Slovenia,2002,2.36,Dataset
Slovenia,2003,2.44,Dataset
Slovenia,2004,2.48,Dataset
Slovenia,2005,2.56,Dataset
Slovenia,2006,2.55,Dataset
Slovenia,2007,2.55,Dataset
Slovenia,2008,2.72,Dataset
Slovenia,2009,2.38,Dataset
Slovenia,2010,2.47,Dataset
Slovenia,2011,2.46,Dataset
Slovenia,2012,2.39,Dataset
Slovenia,2013,2.34,Dataset
Slovenia,2014,2.24,Dataset
Slovenia,2015,2.28,Dataset
Slovenia,2016,2.36,Dataset
Slovenia,2017,2.4,Dataset
Slovenia,2018,2.39,Dataset
Slovenia,2019,2.32,Dataset
Slovenia,2020,2.1,Dataset
Slovenia,2021,2.24,Dataset
Slovenia,2022,2.23,Dataset
Slovenia,2023,2.2320250607793217,Predicted
Slovenia,2024,2.226406346677821,Predicted
Slovenia,2025,2.2173195877417107,Predicted
Slovenia,2026,2.211157584703967,Predicted
Slovenia,2027,2.2127862307484145,Predicted
Slovenia,2028,2.2144149744540043,Predicted
Slovenia,2029,2.215836432384441,Predicted
Slovenia,2030,2.2159182235913626,Predicted
Slovenia,2031,2.2160000392135695,Predicted
Slovenia,2032,2.216081830420491,Predicted
Slovenia,2033,2.220793565490733,Predicted
Slovenia,2034,2.2395329442307785,Predicted
Slovenia,2035,2.2593623800215155,Predicted
Slovenia,2036,2.279191657112895,Predicted
Slovenia,2037,2.299021080695989,Predicted
Slovenia,2038,2.3188503699950123,Predicted
Slovenia,2039,2.3386797203322494,Predicted
Slovenia,2040,2.3585091317077005,Predicted
Slovenia,2041,2.378338475941116,Predicted
Slovenia,2042,2.404300436364087,Predicted
Slovenia,2043,2.429161032407201,Predicted
Slovenia,2044,2.429161032407201,Predicted
Slovenia,2045,2.429161032407201,Predicted
Slovenia,2046,2.429161032407201,Predicted
Slovenia,2047,2.429161032407201,Predicted
Slovenia,2048,2.429161032407201,Predicted
Slovenia,2049,2.429161032407201,Predicted
Slovenia,2050,2.429161032407201,Predicted
Spain,2000,1.97,Dataset
Spain,2001,2.06,Dataset
Spain,2002,2.06,Dataset
Spain,2003,2.15,Dataset
Spain,2004,2.21,Dataset
Spain,2005,2.25,Dataset
Spain,2006,2.16,Dataset
Spain,2007,2.18,Dataset
Spain,2008,2.07,Dataset
Spain,2009,1.9,Dataset
Spain,2010,1.92,Dataset
Spain,2011,1.86,Dataset
Spain,2012,1.79,Dataset
Spain,2013,1.74,Dataset
Spain,2014,1.71,Dataset
Spain,2015,1.73,Dataset
Spain,2016,1.77,Dataset
Spain,2017,1.82,Dataset
Spain,2018,1.85,Dataset
Spain,2019,1.83,Dataset
Spain,2020,1.56,Dataset
Spain,2021,1.69,Dataset
Spain,2022,1.7,Dataset
Spain,2023,1.7130467418546917,Predicted
Spain,2024,1.719973895529364,Predicted
Spain,2025,1.7361508778329904,Predicted
Spain,2026,1.7523278113060456,Predicted
Spain,2027,1.769527354603189,Predicted
Spain,2028,1.7911889866748218,Predicted
Spain,2029,1.7994632781504178,Predicted
Spain,2030,1.8051060901388531,Predicted
Spain,2031,1.810748804466146,Predicted
Spain,2032,1.8195923139113432,Predicted
Spain,2033,1.8292208724512724,Predicted
Spain,2034,1.8388494309912011,Predicted
Spain,2035,1.8484780383617014,Predicted
Spain,2036,1.8649283253728737,Predicted
Spain,2037,1.8860059926423736,Predicted
Spain,2038,1.9070837087424448,Predicted
Spain,2039,1.9281613271813733,Predicted
Spain,2040,1.9492390432814444,Predicted
Spain,2041,1.9703165640592304,Predicted
Spain,2042,1.99139423132873,Predicted
Spain,2043,2.01247189859823,Predicted
Spain,2044,2.0326030340737216,Predicted
Spain,2045,2.052133797675124,Predicted
Spain,2046,2.071664463615384,Predicted
Spain,2047,2.0911950807250728,Predicted
Spain,2048,2.1107259175723323,Predicted
Spain,2049,2.1302565835125926,Predicted
Spain,2050,2.149787347113995,Predicted
Sweden,2000,3.94,Dataset
Sweden,2001,3.87,Dataset
Sweden,2002,3.84,Dataset
Sweden,2003,3.8,Dataset
Sweden,2004,3.78,Dataset
Sweden,2005,3.68,Dataset
Sweden,2006,3.65,Dataset
Sweden,2007,3.64,Dataset
Sweden,2008,3.55,Dataset
Sweden,2009,3.38,Dataset
Sweden,2010,3.62,Dataset
Sweden,2011,3.44,Dataset
Sweden,2012,3.42,Dataset
Sweden,2013,3.34,Dataset
Sweden,2014,3.22,Dataset
Sweden,2015,3.25,Dataset
Sweden,2016,3.25,Dataset
Sweden,2017,3.19,Dataset
Sweden,2018,3.14,Dataset
Sweden,2019,3.07,Dataset
Sweden,2020,2.95,Dataset
Sweden,2021,3.04,Dataset
Sweden,2022,2.95,Dataset
Sweden,2023,2.9074945691525094,Predicted
Sweden,2024,2.823526104718155,Predicted
Sweden,2025,2.7519481535973935,Predicted
Sweden,2026,2.6872797283150662,Predicted
Sweden,2027,2.6368345009329417,Predicted
Sweden,2028,2.60833002116798,Predicted
Sweden,2029,2.591031815701532,Predicted
Sweden,2030,2.57373363465037,Predicted
Sweden,2031,2.5564353559380653,Predicted
Sweden,2032,2.5391371382639747,Predicted
Sweden,2033,2.518426213000196,Predicted
Sweden,2034,2.5029161586393354,Predicted
Sweden,2035,2.488400013934283,Predicted
Sweden,2036,2.473883966890374,Predicted
Sweden,2037,2.45936785880825,Predicted
Sweden,2038,2.444851817868162,Predicted
Sweden,2039,2.429161032407201,Predicted
Sweden,2040,2.429161032407201,Predicted
Sweden,2041,2.429161032407201,Predicted
Sweden,2042,2.429161032407201,Predicted
Sweden,2043,2.429161032407201,Predicted
Sweden,2044,2.429161032407201,Predicted
Sweden,2045,2.429161032407201,Predicted
Sweden,2046,2.429161032407201,Predicted
Sweden,2047,2.429161032407201,Predicted
Sweden,2048,2.429161032407201,Predicted
Sweden,2049,2.429161032407201,Predicted
Sweden,2050,2.429161032407201,Predicted
Trkiye,2000,0.86,Dataset
Trkiye,2001,0.78,Dataset
Trkiye,2002,0.84,Dataset
Trkiye,2003,0.89,Dataset
Trkiye,2004,0.91,Dataset
Trkiye,2005,0.93,Dataset
Trkiye,2006,1.0,Dataset
Trkiye,2007,1.05,Dataset
Trkiye,2008,1.01,Dataset
Trkiye,2009,0.99,Dataset
Trkiye,2010,1.02,Dataset
Trkiye,2011,1.07,Dataset
Trkiye,2012,1.1,Dataset
Trkiye,2013,1.08,Dataset
Trkiye,2014,1.12,Dataset
Trkiye,2015,1.19,Dataset
Trkiye,2016,1.22,Dataset
Trkiye,2017,1.33,Dataset
Trkiye,2018,1.3,Dataset
Trkiye,2019,1.29,Dataset
Trkiye,2020,1.27,Dataset
Trkiye,2021,1.37,Dataset
Trkiye,2023,1.4444392422842807,Predicted
Trkiye,2024,1.5043832609631145,Predicted
Trkiye,2025,1.5677323330395854,Predicted
Trkiye,2026,1.6310814539466276,Predicted
Trkiye,2027,1.6943965887760477,Predicted
Trkiye,2028,1.7570842995948808,Predicted
Trkiye,2029,1.8197719127525713,Predicted
Trkiye,2030,1.8824596724019758,Predicted
Trkiye,2031,1.9451473343902377,Predicted
Trkiye,2032,2.007834898717357,Predicted
Trkiye,2033,2.0705226583667615,Predicted
Trkiye,2034,2.1332103691855946,Predicted
Trkiye,2035,2.200559983476662,Predicted
Trkiye,2036,2.2697913814937767,Predicted
Trkiye,2037,2.339022694057392,Predicted
Trkiye,2038,2.3569519980349165,Predicted
Trkiye,2039,2.3634485911990937,Predicted
Trkiye,2040,2.36994518131136,Predicted
Trkiye,2041,2.376441759215984,Predicted
Trkiye,2042,2.3829383584839823,Predicted
Trkiye,2043,2.3894349119733205,Predicted
Trkiye,2044,2.3959314929298547,Predicted
Trkiye,2045,2.4024281105093177,Predicted
Trkiye,2046,2.408924683836075,Predicted
Trkiye,2047,2.41542126784452,Predicted
Trkiye,2048,2.421972910611035,Predicted
Trkiye,2049,2.429161032407201,Predicted
Trkiye,2050,2.429161032407201,Predicted
